user_id,company_id,status_id,created_at,created_at,shop_id
364,1,3,2022-09-18T09:55:19.201Z,,7
156,1,4,2022-09-18T09:55:19.201Z,,3
411,1,4,2022-09-18T09:55:19.201Z,,16
791,1,6,2022-09-18T09:55:19.201Z,2022-09-18T09:55:19.201Z,16
249,1,6,2022-09-18T09:55:19.201Z,2022-09-18T09:55:19.201Z,14
713,1,1,2022-09-18T09:55:19.201Z,,16
630,1,3,2022-09-18T09:55:19.201Z,,15
382,1,5,2022-09-18T09:55:19.201Z,,15
849,1,3,2022-09-18T09:55:19.201Z,,6
893,1,5,2022-09-18T09:55:19.201Z,,13
291,1,4,2022-09-18T09:55:19.201Z,,15
472,1,4,2022-09-18T09:55:19.201Z,,8
38,1,1,2022-09-18T09:55:19.201Z,,14
730,1,5,2022-09-18T09:55:19.201Z,,17
724,1,6,2022-09-18T09:55:19.201Z,2022-09-18T09:55:19.201Z,5
8,1,6,2022-09-18T09:55:19.201Z,2022-09-18T09:55:19.201Z,15
938,1,1,2022-09-18T09:55:19.201Z,,19
928,1,5,2022-09-18T09:55:19.202Z,,6
133,1,1,2022-09-18T09:55:19.202Z,,7
587,1,6,2022-09-18T09:55:19.202Z,2022-09-18T09:55:19.202Z,20
90,1,4,2022-09-18T09:55:19.202Z,,10
546,1,3,2022-09-18T09:55:19.202Z,,17
19,1,2,2022-09-18T09:55:19.202Z,,20
838,1,6,2022-09-18T09:55:19.202Z,2022-09-18T09:55:19.202Z,3
768,1,1,2022-09-18T09:55:19.202Z,,15
94,1,2,2022-09-18T09:55:19.202Z,,18
473,1,1,2022-09-18T09:55:19.202Z,,15
857,1,6,2022-09-18T09:55:19.202Z,2022-09-18T09:55:19.202Z,20
946,1,2,2022-09-18T09:55:19.202Z,,9
660,1,1,2022-09-18T09:55:19.202Z,,6
259,1,2,2022-09-18T09:55:19.202Z,,19
729,1,6,2022-09-18T09:55:19.202Z,2022-09-18T09:55:19.202Z,11
759,1,6,2022-09-18T09:55:19.202Z,2022-09-18T09:55:19.202Z,10
299,1,4,2022-09-18T09:55:19.202Z,,8
875,1,6,2022-09-18T09:55:19.202Z,2022-09-18T09:55:19.202Z,18
462,1,4,2022-09-18T09:55:19.202Z,,3
203,1,5,2022-09-18T09:55:19.202Z,,14
165,1,4,2022-09-18T09:55:19.202Z,,15
309,1,5,2022-09-18T09:55:19.202Z,,12
881,1,2,2022-09-18T09:55:19.202Z,,17
368,1,6,2022-09-18T09:55:19.202Z,2022-09-18T09:55:19.202Z,4
859,1,4,2022-09-18T09:55:19.202Z,,9
755,1,4,2022-09-18T09:55:19.202Z,,9
150,1,1,2022-09-18T09:55:19.202Z,,19
786,1,4,2022-09-18T09:55:19.202Z,,8
826,1,5,2022-09-18T09:55:19.202Z,,17
939,1,4,2022-09-18T09:55:19.202Z,,4
554,1,1,2022-09-18T09:55:19.202Z,,1
499,1,6,2022-09-18T09:55:19.202Z,2022-09-18T09:55:19.202Z,16
359,1,3,2022-09-18T09:55:19.202Z,,9
394,1,6,2022-09-18T09:55:19.202Z,2022-09-18T09:55:19.202Z,10
785,1,4,2022-09-18T09:55:19.202Z,,20
131,1,1,2022-09-18T09:55:19.202Z,,7
971,1,2,2022-09-18T09:55:19.202Z,,10
954,1,5,2022-09-18T09:55:19.202Z,,1
122,1,2,2022-09-18T09:55:19.202Z,,18
282,1,6,2022-09-18T09:55:19.202Z,2022-09-18T09:55:19.202Z,8
169,1,1,2022-09-18T09:55:19.202Z,,10
175,1,1,2022-09-18T09:55:19.202Z,,1
968,1,1,2022-09-18T09:55:19.202Z,,14
459,1,2,2022-09-18T09:55:19.202Z,,19
340,1,5,2022-09-18T09:55:19.202Z,,14
356,1,6,2022-09-18T09:55:19.202Z,2022-09-18T09:55:19.202Z,12
367,1,2,2022-09-18T09:55:19.202Z,,13
407,1,6,2022-09-18T09:55:19.202Z,2022-09-18T09:55:19.202Z,3
411,1,5,2022-09-18T09:55:19.202Z,,19
253,1,2,2022-09-18T09:55:19.202Z,,18
725,1,5,2022-09-18T09:55:19.202Z,,18
980,1,4,2022-09-18T09:55:19.202Z,,7
506,1,4,2022-09-18T09:55:19.202Z,,5
739,1,6,2022-09-18T09:55:19.202Z,2022-09-18T09:55:19.202Z,12
484,1,5,2022-09-18T09:55:19.202Z,,16
967,1,2,2022-09-18T09:55:19.202Z,,9
740,1,1,2022-09-18T09:55:19.202Z,,9
564,1,3,2022-09-18T09:55:19.202Z,,7
3,1,1,2022-09-18T09:55:19.202Z,,7
325,1,2,2022-09-18T09:55:19.202Z,,2
761,1,1,2022-09-18T09:55:19.202Z,,3
575,1,4,2022-09-18T09:55:19.202Z,,14
25,1,1,2022-09-18T09:55:19.202Z,,2
688,1,4,2022-09-18T09:55:19.202Z,,2
876,1,3,2022-09-18T09:55:19.202Z,,8
765,1,2,2022-09-18T09:55:19.202Z,,13
915,1,5,2022-09-18T09:55:19.202Z,,4
952,1,5,2022-09-18T09:55:19.202Z,,3
687,1,2,2022-09-18T09:55:19.202Z,,20
708,1,2,2022-09-18T09:55:19.202Z,,8
628,1,4,2022-09-18T09:55:19.202Z,,13
430,1,3,2022-09-18T09:55:19.202Z,,5
538,1,3,2022-09-18T09:55:19.202Z,,9
105,1,2,2022-09-18T09:55:19.202Z,,17
909,1,2,2022-09-18T09:55:19.202Z,,3
157,1,4,2022-09-18T09:55:19.202Z,,5
463,1,3,2022-09-18T09:55:19.202Z,,15
867,1,4,2022-09-18T09:55:19.202Z,,3
276,1,2,2022-09-18T09:55:19.202Z,,20
603,1,2,2022-09-18T09:55:19.202Z,,7
147,1,2,2022-09-18T09:55:19.202Z,,3
784,1,6,2022-09-18T09:55:19.202Z,2022-09-18T09:55:19.202Z,12
166,1,2,2022-09-18T09:55:19.202Z,,13
986,1,6,2022-09-18T09:55:19.202Z,2022-09-18T09:55:19.202Z,14
745,1,5,2022-09-18T09:55:19.202Z,,5
165,1,1,2022-09-18T09:55:19.202Z,,6
860,1,1,2022-09-18T09:55:19.202Z,,13
462,1,4,2022-09-18T09:55:19.202Z,,15
832,1,3,2022-09-18T09:55:19.202Z,,8
255,1,2,2022-09-18T09:55:19.202Z,,10
156,1,2,2022-09-18T09:55:19.202Z,,8
404,1,4,2022-09-18T09:55:19.202Z,,17
51,1,1,2022-09-18T09:55:19.202Z,,9
473,1,5,2022-09-18T09:55:19.202Z,,16
324,1,6,2022-09-18T09:55:19.202Z,2022-09-18T09:55:19.202Z,16
409,1,1,2022-09-18T09:55:19.202Z,,2
107,1,1,2022-09-18T09:55:19.202Z,,9
686,1,3,2022-09-18T09:55:19.202Z,,11
141,1,2,2022-09-18T09:55:19.202Z,,9
109,1,4,2022-09-18T09:55:19.202Z,,1
619,1,1,2022-09-18T09:55:19.202Z,,17
846,1,5,2022-09-18T09:55:19.202Z,,2
242,1,4,2022-09-18T09:55:19.202Z,,12
137,1,4,2022-09-18T09:55:19.202Z,,14
914,1,2,2022-09-18T09:55:19.202Z,,11
655,1,4,2022-09-18T09:55:19.202Z,,16
646,1,4,2022-09-18T09:55:19.202Z,,20
278,1,1,2022-09-18T09:55:19.202Z,,11
259,1,6,2022-09-18T09:55:19.202Z,2022-09-18T09:55:19.202Z,12
635,1,5,2022-09-18T09:55:19.202Z,,11
743,1,2,2022-09-18T09:55:19.202Z,,13
524,1,3,2022-09-18T09:55:19.202Z,,18
508,1,1,2022-09-18T09:55:19.202Z,,9
814,1,1,2022-09-18T09:55:19.202Z,,9
773,1,2,2022-09-18T09:55:19.202Z,,20
704,1,6,2022-09-18T09:55:19.202Z,2022-09-18T09:55:19.202Z,8
260,1,6,2022-09-18T09:55:19.202Z,2022-09-18T09:55:19.202Z,19
802,1,2,2022-09-18T09:55:19.202Z,,11
60,1,2,2022-09-18T09:55:19.202Z,,11
453,1,4,2022-09-18T09:55:19.202Z,,18
692,1,6,2022-09-18T09:55:19.202Z,2022-09-18T09:55:19.202Z,6
808,1,2,2022-09-18T09:55:19.202Z,,18
293,1,2,2022-09-18T09:55:19.202Z,,19
780,1,4,2022-09-18T09:55:19.202Z,,2
128,1,2,2022-09-18T09:55:19.202Z,,2
820,1,4,2022-09-18T09:55:19.202Z,,11
759,1,6,2022-09-18T09:55:19.202Z,2022-09-18T09:55:19.202Z,12
451,1,5,2022-09-18T09:55:19.202Z,,9
864,1,4,2022-09-18T09:55:19.202Z,,8
69,1,5,2022-09-18T09:55:19.202Z,,3
927,1,2,2022-09-18T09:55:19.202Z,,10
469,1,2,2022-09-18T09:55:19.202Z,,6
794,1,4,2022-09-18T09:55:19.202Z,,2
639,1,3,2022-09-18T09:55:19.202Z,,18
420,1,3,2022-09-18T09:55:19.202Z,,13
637,1,6,2022-09-18T09:55:19.202Z,2022-09-18T09:55:19.202Z,7
856,1,6,2022-09-18T09:55:19.202Z,2022-09-18T09:55:19.202Z,5
142,1,1,2022-09-18T09:55:19.202Z,,7
887,1,2,2022-09-18T09:55:19.202Z,,13
262,1,2,2022-09-18T09:55:19.202Z,,2
230,1,1,2022-09-18T09:55:19.202Z,,9
559,1,6,2022-09-18T09:55:19.202Z,2022-09-18T09:55:19.202Z,8
44,1,5,2022-09-18T09:55:19.202Z,,15
187,1,3,2022-09-18T09:55:19.202Z,,11
551,1,4,2022-09-18T09:55:19.202Z,,17
474,1,3,2022-09-18T09:55:19.202Z,,11
863,1,2,2022-09-18T09:55:19.202Z,,20
578,1,6,2022-09-18T09:55:19.202Z,2022-09-18T09:55:19.202Z,2
753,1,1,2022-09-18T09:55:19.202Z,,4
900,1,4,2022-09-18T09:55:19.202Z,,12
343,1,1,2022-09-18T09:55:19.202Z,,17
213,1,5,2022-09-18T09:55:19.202Z,,20
540,1,4,2022-09-18T09:55:19.202Z,,19
707,1,6,2022-09-18T09:55:19.202Z,2022-09-18T09:55:19.202Z,1
193,1,2,2022-09-18T09:55:19.202Z,,14
682,1,4,2022-09-18T09:55:19.202Z,,13
689,1,5,2022-09-18T09:55:19.202Z,,14
228,1,5,2022-09-18T09:55:19.202Z,,11
660,1,1,2022-09-18T09:55:19.202Z,,18
766,1,4,2022-09-18T09:55:19.202Z,,1
948,1,1,2022-09-18T09:55:19.202Z,,2
923,1,3,2022-09-18T09:55:19.202Z,,4
463,1,3,2022-09-18T09:55:19.202Z,,10
868,1,5,2022-09-18T09:55:19.202Z,,18
494,1,5,2022-09-18T09:55:19.202Z,,5
17,1,2,2022-09-18T09:55:19.202Z,,16
71,1,1,2022-09-18T09:55:19.202Z,,5
509,1,2,2022-09-18T09:55:19.202Z,,18
89,1,5,2022-09-18T09:55:19.202Z,,15
958,1,2,2022-09-18T09:55:19.202Z,,13
524,1,2,2022-09-18T09:55:19.202Z,,16
887,1,5,2022-09-18T09:55:19.202Z,,10
73,1,3,2022-09-18T09:55:19.202Z,,10
698,1,2,2022-09-18T09:55:19.202Z,,10
406,1,2,2022-09-18T09:55:19.202Z,,14
433,1,4,2022-09-18T09:55:19.202Z,,17
187,1,4,2022-09-18T09:55:19.202Z,,14
630,1,6,2022-09-18T09:55:19.202Z,2022-09-18T09:55:19.202Z,4
863,1,6,2022-09-18T09:55:19.202Z,2022-09-18T09:55:19.202Z,16
469,1,1,2022-09-18T09:55:19.202Z,,1
645,1,4,2022-09-18T09:55:19.202Z,,11
914,1,3,2022-09-18T09:55:19.202Z,,12
873,1,3,2022-09-18T09:55:19.202Z,,8
820,1,4,2022-09-18T09:55:19.202Z,,3
275,1,2,2022-09-18T09:55:19.202Z,,3
708,1,5,2022-09-18T09:55:19.202Z,,3
591,1,1,2022-09-18T09:55:19.202Z,,17
350,1,2,2022-09-18T09:55:19.202Z,,6
830,1,4,2022-09-18T09:55:19.202Z,,18
105,1,4,2022-09-18T09:55:19.202Z,,4
655,1,4,2022-09-18T09:55:19.202Z,,11
193,1,5,2022-09-18T09:55:19.202Z,,18
677,1,3,2022-09-18T09:55:19.202Z,,4
801,1,5,2022-09-18T09:55:19.202Z,,5
70,1,6,2022-09-18T09:55:19.202Z,2022-09-18T09:55:19.202Z,19
821,1,1,2022-09-18T09:55:19.202Z,,11
931,1,1,2022-09-18T09:55:19.202Z,,13
285,1,3,2022-09-18T09:55:19.202Z,,14
771,1,6,2022-09-18T09:55:19.202Z,2022-09-18T09:55:19.202Z,12
194,1,1,2022-09-18T09:55:19.202Z,,13
35,1,4,2022-09-18T09:55:19.202Z,,14
384,1,3,2022-09-18T09:55:19.202Z,,2
487,1,5,2022-09-18T09:55:19.202Z,,18
265,1,6,2022-09-18T09:55:19.202Z,2022-09-18T09:55:19.202Z,17
968,1,1,2022-09-18T09:55:19.202Z,,12
566,1,5,2022-09-18T09:55:19.202Z,,10
294,1,3,2022-09-18T09:55:19.202Z,,17
162,1,4,2022-09-18T09:55:19.202Z,,10
955,1,6,2022-09-18T09:55:19.202Z,2022-09-18T09:55:19.202Z,5
842,1,3,2022-09-18T09:55:19.202Z,,15
884,1,6,2022-09-18T09:55:19.202Z,2022-09-18T09:55:19.202Z,6
376,1,6,2022-09-18T09:55:19.202Z,2022-09-18T09:55:19.202Z,14
844,1,2,2022-09-18T09:55:19.202Z,,9
392,1,4,2022-09-18T09:55:19.202Z,,16
17,1,2,2022-09-18T09:55:19.202Z,,19
845,1,6,2022-09-18T09:55:19.202Z,2022-09-18T09:55:19.202Z,20
702,1,1,2022-09-18T09:55:19.202Z,,11
567,1,2,2022-09-18T09:55:19.202Z,,18
347,1,3,2022-09-18T09:55:19.202Z,,17
348,1,6,2022-09-18T09:55:19.202Z,2022-09-18T09:55:19.202Z,20
367,1,5,2022-09-18T09:55:19.202Z,,3
283,1,2,2022-09-18T09:55:19.202Z,,16
139,1,1,2022-09-18T09:55:19.202Z,,4
868,1,2,2022-09-18T09:55:19.202Z,,17
651,1,6,2022-09-18T09:55:19.202Z,2022-09-18T09:55:19.202Z,19
191,1,5,2022-09-18T09:55:19.202Z,,10
389,1,5,2022-09-18T09:55:19.202Z,,1
408,1,5,2022-09-18T09:55:19.202Z,,3
680,1,5,2022-09-18T09:55:19.202Z,,17
131,1,1,2022-09-18T09:55:19.202Z,,5
481,1,6,2022-09-18T09:55:19.202Z,2022-09-18T09:55:19.202Z,12
727,1,1,2022-09-18T09:55:19.202Z,,18
738,1,2,2022-09-18T09:55:19.202Z,,6
175,1,5,2022-09-18T09:55:19.202Z,,1
574,1,1,2022-09-18T09:55:19.202Z,,2
356,1,6,2022-09-18T09:55:19.202Z,2022-09-18T09:55:19.202Z,17
357,1,2,2022-09-18T09:55:19.202Z,,5
321,1,4,2022-09-18T09:55:19.202Z,,19
212,1,5,2022-09-18T09:55:19.203Z,,15
426,1,4,2022-09-18T09:55:19.203Z,,17
164,1,4,2022-09-18T09:55:19.203Z,,17
937,1,4,2022-09-18T09:55:19.203Z,,17
942,1,1,2022-09-18T09:55:19.203Z,,7
964,1,2,2022-09-18T09:55:19.203Z,,12
41,1,2,2022-09-18T09:55:19.203Z,,12
603,1,2,2022-09-18T09:55:19.203Z,,1
437,1,6,2022-09-18T09:55:19.203Z,2022-09-18T09:55:19.203Z,14
442,1,6,2022-09-18T09:55:19.203Z,2022-09-18T09:55:19.203Z,6
584,1,6,2022-09-18T09:55:19.203Z,2022-09-18T09:55:19.203Z,1
153,1,2,2022-09-18T09:55:19.203Z,,15
932,1,5,2022-09-18T09:55:19.203Z,,14
26,1,1,2022-09-18T09:55:19.203Z,,12
480,1,3,2022-09-18T09:55:19.203Z,,9
132,1,1,2022-09-18T09:55:19.203Z,,20
196,1,4,2022-09-18T09:55:19.203Z,,2
359,1,6,2022-09-18T09:55:19.203Z,2022-09-18T09:55:19.203Z,5
591,1,5,2022-09-18T09:55:19.203Z,,19
375,1,5,2022-09-18T09:55:19.203Z,,16
461,1,2,2022-09-18T09:55:19.203Z,,19
915,1,1,2022-09-18T09:55:19.203Z,,13
489,1,6,2022-09-18T09:55:19.203Z,2022-09-18T09:55:19.203Z,10
150,1,2,2022-09-18T09:55:19.203Z,,5
378,1,5,2022-09-18T09:55:19.203Z,,15
342,1,2,2022-09-18T09:55:19.203Z,,2
99,1,2,2022-09-18T09:55:19.203Z,,11
931,1,2,2022-09-18T09:55:19.203Z,,13
908,1,4,2022-09-18T09:55:19.203Z,,20
938,1,2,2022-09-18T09:55:19.203Z,,15
774,1,5,2022-09-18T09:55:19.203Z,,18
565,1,5,2022-09-18T09:55:19.203Z,,13
993,1,4,2022-09-18T09:55:19.203Z,,1
986,1,6,2022-09-18T09:55:19.203Z,2022-09-18T09:55:19.203Z,17
77,1,2,2022-09-18T09:55:19.203Z,,16
820,1,2,2022-09-18T09:55:19.203Z,,9
877,1,5,2022-09-18T09:55:19.203Z,,3
646,1,4,2022-09-18T09:55:19.203Z,,17
680,1,1,2022-09-18T09:55:19.203Z,,8
556,1,4,2022-09-18T09:55:19.203Z,,10
216,1,5,2022-09-18T09:55:19.203Z,,5
814,1,1,2022-09-18T09:55:19.203Z,,6
634,1,3,2022-09-18T09:55:19.203Z,,20
326,1,6,2022-09-18T09:55:19.203Z,2022-09-18T09:55:19.203Z,10
872,1,6,2022-09-18T09:55:19.203Z,2022-09-18T09:55:19.203Z,12
562,1,2,2022-09-18T09:55:19.203Z,,19
730,1,2,2022-09-18T09:55:19.203Z,,7
870,1,6,2022-09-18T09:55:19.203Z,2022-09-18T09:55:19.203Z,18
548,1,1,2022-09-18T09:55:19.203Z,,1
353,1,1,2022-09-18T09:55:19.203Z,,6
303,1,4,2022-09-18T09:55:19.203Z,,9
934,1,5,2022-09-18T09:55:19.203Z,,2
362,1,5,2022-09-18T09:55:19.203Z,,5
246,1,1,2022-09-18T09:55:19.203Z,,9
845,1,1,2022-09-18T09:55:19.203Z,,10
250,1,1,2022-09-18T09:55:19.203Z,,8
613,1,4,2022-09-18T09:55:19.203Z,,4
493,1,3,2022-09-18T09:55:19.203Z,,12
31,1,3,2022-09-18T09:55:19.203Z,,8
191,1,6,2022-09-18T09:55:19.203Z,2022-09-18T09:55:19.203Z,13
999,1,1,2022-09-18T09:55:19.203Z,,11
734,1,6,2022-09-18T09:55:19.203Z,2022-09-18T09:55:19.203Z,2
46,1,4,2022-09-18T09:55:19.203Z,,18
18,1,1,2022-09-18T09:55:19.203Z,,5
323,1,1,2022-09-18T09:55:19.203Z,,14
123,1,2,2022-09-18T09:55:19.203Z,,12
899,1,1,2022-09-18T09:55:19.203Z,,18
545,1,3,2022-09-18T09:55:19.203Z,,14
269,1,1,2022-09-18T09:55:19.203Z,,1
149,1,3,2022-09-18T09:55:19.203Z,,15
841,1,6,2022-09-18T09:55:19.203Z,2022-09-18T09:55:19.203Z,12
634,1,6,2022-09-18T09:55:19.203Z,2022-09-18T09:55:19.203Z,19
702,1,2,2022-09-18T09:55:19.203Z,,17
952,1,5,2022-09-18T09:55:19.203Z,,19
473,1,5,2022-09-18T09:55:19.203Z,,15
210,1,2,2022-09-18T09:55:19.203Z,,14
684,1,4,2022-09-18T09:55:19.203Z,,7
807,1,3,2022-09-18T09:55:19.203Z,,11
920,1,4,2022-09-18T09:55:19.203Z,,6
379,1,5,2022-09-18T09:55:19.203Z,,9
383,1,4,2022-09-18T09:55:19.203Z,,4
886,1,3,2022-09-18T09:55:19.203Z,,12
336,1,1,2022-09-18T09:55:19.203Z,,4
109,1,3,2022-09-18T09:55:19.203Z,,11
40,1,1,2022-09-18T09:55:19.203Z,,20
719,1,4,2022-09-18T09:55:19.203Z,,6
234,1,3,2022-09-18T09:55:19.203Z,,3
926,1,2,2022-09-18T09:55:19.203Z,,6
158,1,5,2022-09-18T09:55:19.203Z,,13
479,1,1,2022-09-18T09:55:19.203Z,,9
839,1,1,2022-09-18T09:55:19.203Z,,6
479,1,5,2022-09-18T09:55:19.203Z,,20
47,1,3,2022-09-18T09:55:19.203Z,,4
548,1,3,2022-09-18T09:55:19.203Z,,4
446,1,2,2022-09-18T09:55:19.203Z,,15
743,1,5,2022-09-18T09:55:19.203Z,,13
922,1,4,2022-09-18T09:55:19.203Z,,8
909,1,2,2022-09-18T09:55:19.203Z,,5
606,1,2,2022-09-18T09:55:19.203Z,,17
380,1,1,2022-09-18T09:55:19.203Z,,13
360,1,4,2022-09-18T09:55:19.203Z,,20
840,1,2,2022-09-18T09:55:19.203Z,,5
788,1,5,2022-09-18T09:55:19.203Z,,7
769,1,4,2022-09-18T09:55:19.203Z,,20
853,1,1,2022-09-18T09:55:19.203Z,,13
286,1,3,2022-09-18T09:55:19.203Z,,14
282,1,5,2022-09-18T09:55:19.203Z,,17
874,1,4,2022-09-18T09:55:19.203Z,,18
450,1,2,2022-09-18T09:55:19.203Z,,8
840,1,5,2022-09-18T09:55:19.203Z,,6
405,1,4,2022-09-18T09:55:19.203Z,,16
985,1,6,2022-09-18T09:55:19.203Z,2022-09-18T09:55:19.203Z,6
106,1,1,2022-09-18T09:55:19.203Z,,14
301,1,6,2022-09-18T09:55:19.203Z,2022-09-18T09:55:19.203Z,9
497,1,3,2022-09-18T09:55:19.203Z,,15
44,1,2,2022-09-18T09:55:19.203Z,,14
844,1,6,2022-09-18T09:55:19.203Z,2022-09-18T09:55:19.203Z,7
504,1,4,2022-09-18T09:55:19.203Z,,18
741,1,1,2022-09-18T09:55:19.203Z,,9
722,1,2,2022-09-18T09:55:19.203Z,,11
684,1,2,2022-09-18T09:55:19.203Z,,9
340,1,5,2022-09-18T09:55:19.203Z,,20
729,1,2,2022-09-18T09:55:19.203Z,,14
287,1,3,2022-09-18T09:55:19.203Z,,14
656,1,2,2022-09-18T09:55:19.203Z,,13
775,1,2,2022-09-18T09:55:19.203Z,,8
776,1,6,2022-09-18T09:55:19.203Z,2022-09-18T09:55:19.203Z,15
54,1,2,2022-09-18T09:55:19.203Z,,2
776,1,2,2022-09-18T09:55:19.203Z,,19
51,1,4,2022-09-18T09:55:19.203Z,,10
220,1,1,2022-09-18T09:55:19.203Z,,8
889,1,2,2022-09-18T09:55:19.203Z,,12
957,1,1,2022-09-18T09:55:19.203Z,,15
121,1,6,2022-09-18T09:55:19.203Z,2022-09-18T09:55:19.203Z,5
473,1,4,2022-09-18T09:55:19.203Z,,16
132,1,2,2022-09-18T09:55:19.203Z,,8
971,1,4,2022-09-18T09:55:19.203Z,,17
972,1,1,2022-09-18T09:55:19.203Z,,1
573,1,2,2022-09-18T09:55:19.203Z,,16
901,1,3,2022-09-18T09:55:19.203Z,,12
540,1,1,2022-09-18T09:55:19.203Z,,18
886,1,2,2022-09-18T09:55:19.203Z,,14
930,1,5,2022-09-18T09:55:19.203Z,,4
15,1,3,2022-09-18T09:55:19.203Z,,20
256,1,1,2022-09-18T09:55:19.203Z,,16
658,1,4,2022-09-18T09:55:19.203Z,,9
395,1,6,2022-09-18T09:55:19.203Z,2022-09-18T09:55:19.203Z,11
951,1,5,2022-09-18T09:55:19.203Z,,17
975,1,4,2022-09-18T09:55:19.203Z,,11
423,1,2,2022-09-18T09:55:19.203Z,,3
655,1,3,2022-09-18T09:55:19.203Z,,13
601,1,6,2022-09-18T09:55:19.203Z,2022-09-18T09:55:19.203Z,3
332,1,1,2022-09-18T09:55:19.203Z,,17
858,1,3,2022-09-18T09:55:19.203Z,,8
117,1,1,2022-09-18T09:55:19.203Z,,2
931,1,4,2022-09-18T09:55:19.203Z,,16
847,1,1,2022-09-18T09:55:19.203Z,,16
875,1,3,2022-09-18T09:55:19.203Z,,10
876,1,5,2022-09-18T09:55:19.203Z,,18
997,1,1,2022-09-18T09:55:19.203Z,,8
390,1,5,2022-09-18T09:55:19.203Z,,20
33,1,5,2022-09-18T09:55:19.203Z,,2
865,1,6,2022-09-18T09:55:19.203Z,2022-09-18T09:55:19.203Z,10
890,1,1,2022-09-18T09:55:19.203Z,,10
164,1,5,2022-09-18T09:55:19.203Z,,9
999,1,4,2022-09-18T09:55:19.203Z,,16
354,1,4,2022-09-18T09:55:19.203Z,,17
816,1,3,2022-09-18T09:55:19.203Z,,12
836,1,2,2022-09-18T09:55:19.203Z,,13
226,1,5,2022-09-18T09:55:19.203Z,,6
300,1,5,2022-09-18T09:55:19.203Z,,14
520,1,2,2022-09-18T09:55:19.203Z,,7
188,1,3,2022-09-18T09:55:19.203Z,,11
818,1,1,2022-09-18T09:55:19.203Z,,2
289,1,6,2022-09-18T09:55:19.203Z,2022-09-18T09:55:19.203Z,14
439,1,3,2022-09-18T09:55:19.203Z,,6
896,1,5,2022-09-18T09:55:19.203Z,,18
458,1,6,2022-09-18T09:55:19.203Z,2022-09-18T09:55:19.203Z,14
828,1,2,2022-09-18T09:55:19.203Z,,7
560,1,5,2022-09-18T09:55:19.203Z,,20
418,1,4,2022-09-18T09:55:19.203Z,,16
573,1,1,2022-09-18T09:55:19.203Z,,9
784,1,3,2022-09-18T09:55:19.203Z,,17
87,1,2,2022-09-18T09:55:19.203Z,,14
151,1,6,2022-09-18T09:55:19.203Z,2022-09-18T09:55:19.203Z,8
396,1,2,2022-09-18T09:55:19.203Z,,11
265,1,4,2022-09-18T09:55:19.203Z,,17
380,1,5,2022-09-18T09:55:19.203Z,,9
515,1,1,2022-09-18T09:55:19.203Z,,8
612,1,5,2022-09-18T09:55:19.203Z,,5
767,1,5,2022-09-18T09:55:19.203Z,,20
829,1,4,2022-09-18T09:55:19.203Z,,9
383,1,6,2022-09-18T09:55:19.203Z,2022-09-18T09:55:19.203Z,7
384,1,3,2022-09-18T09:55:19.203Z,,3
612,1,1,2022-09-18T09:55:19.203Z,,11
637,1,1,2022-09-18T09:55:19.203Z,,1
75,1,2,2022-09-18T09:55:19.203Z,,20
713,1,5,2022-09-18T09:55:19.203Z,,4
847,1,5,2022-09-18T09:55:19.203Z,,4
663,1,4,2022-09-18T09:55:19.203Z,,15
272,1,2,2022-09-18T09:55:19.203Z,,16
169,1,3,2022-09-18T09:55:19.203Z,,7
804,1,1,2022-09-18T09:55:19.203Z,,7
659,1,2,2022-09-18T09:55:19.203Z,,9
389,1,3,2022-09-18T09:55:19.203Z,,6
265,1,6,2022-09-18T09:55:19.203Z,2022-09-18T09:55:19.203Z,7
680,1,5,2022-09-18T09:55:19.203Z,,9
241,1,2,2022-09-18T09:55:19.203Z,,7
147,1,3,2022-09-18T09:55:19.203Z,,10
169,1,3,2022-09-18T09:55:19.203Z,,20
682,1,2,2022-09-18T09:55:19.203Z,,10
577,1,4,2022-09-18T09:55:19.203Z,,4
535,1,4,2022-09-18T09:55:19.203Z,,9
303,1,3,2022-09-18T09:55:19.203Z,,14
13,1,6,2022-09-18T09:55:19.203Z,2022-09-18T09:55:19.203Z,9
995,1,3,2022-09-18T09:55:19.203Z,,12
842,1,4,2022-09-18T09:55:19.203Z,,13
378,1,6,2022-09-18T09:55:19.203Z,2022-09-18T09:55:19.203Z,4
235,1,5,2022-09-18T09:55:19.203Z,,3
253,1,1,2022-09-18T09:55:19.203Z,,3
615,1,4,2022-09-18T09:55:19.203Z,,9
297,1,2,2022-09-18T09:55:19.203Z,,18
657,1,5,2022-09-18T09:55:19.203Z,,3
686,1,2,2022-09-18T09:55:19.203Z,,12
697,1,3,2022-09-18T09:55:19.203Z,,10
606,1,2,2022-09-18T09:55:19.203Z,,18
450,1,5,2022-09-18T09:55:19.203Z,,5
86,1,2,2022-09-18T09:55:19.203Z,,1
249,1,4,2022-09-18T09:55:19.203Z,,18
329,1,1,2022-09-18T09:55:19.203Z,,18
931,1,6,2022-09-18T09:55:19.203Z,2022-09-18T09:55:19.203Z,17
103,1,4,2022-09-18T09:55:19.203Z,,18
663,1,3,2022-09-18T09:55:19.203Z,,2
91,1,5,2022-09-18T09:55:19.203Z,,2
767,1,4,2022-09-18T09:55:19.203Z,,5
61,1,1,2022-09-18T09:55:19.203Z,,17
718,1,5,2022-09-18T09:55:19.203Z,,12
923,1,6,2022-09-18T09:55:19.203Z,2022-09-18T09:55:19.203Z,10
120,1,6,2022-09-18T09:55:19.203Z,2022-09-18T09:55:19.203Z,15
334,1,6,2022-09-18T09:55:19.203Z,2022-09-18T09:55:19.203Z,12
215,1,3,2022-09-18T09:55:19.203Z,,12
727,1,1,2022-09-18T09:55:19.203Z,,1
532,1,5,2022-09-18T09:55:19.203Z,,5
266,1,6,2022-09-18T09:55:19.203Z,2022-09-18T09:55:19.203Z,17
337,1,3,2022-09-18T09:55:19.203Z,,5
121,1,2,2022-09-18T09:55:19.203Z,,7
407,1,6,2022-09-18T09:55:19.203Z,2022-09-18T09:55:19.203Z,12
257,1,4,2022-09-18T09:55:19.203Z,,19
103,1,6,2022-09-18T09:55:19.203Z,2022-09-18T09:55:19.203Z,18
153,1,6,2022-09-18T09:55:19.203Z,2022-09-18T09:55:19.203Z,20
278,1,6,2022-09-18T09:55:19.203Z,2022-09-18T09:55:19.203Z,3
314,1,5,2022-09-18T09:55:19.203Z,,20
704,1,3,2022-09-18T09:55:19.203Z,,8
694,1,6,2022-09-18T09:55:19.203Z,2022-09-18T09:55:19.203Z,19
823,1,4,2022-09-18T09:55:19.203Z,,10
481,1,3,2022-09-18T09:55:19.203Z,,6
904,1,3,2022-09-18T09:55:19.203Z,,12
559,1,1,2022-09-18T09:55:19.203Z,,5
990,1,2,2022-09-18T09:55:19.203Z,,3
726,1,3,2022-09-18T09:55:19.203Z,,16
84,1,1,2022-09-18T09:55:19.203Z,,11
124,1,1,2022-09-18T09:55:19.203Z,,13
656,1,4,2022-09-18T09:55:19.203Z,,17
248,1,4,2022-09-18T09:55:19.203Z,,17
220,1,3,2022-09-18T09:55:19.203Z,,15
791,1,5,2022-09-18T09:55:19.203Z,,4
360,1,3,2022-09-18T09:55:19.203Z,,17
992,1,4,2022-09-18T09:55:19.203Z,,16
479,1,4,2022-09-18T09:55:19.203Z,,9
379,1,6,2022-09-18T09:55:19.203Z,2022-09-18T09:55:19.203Z,2
345,1,3,2022-09-18T09:55:19.203Z,,9
540,1,5,2022-09-18T09:55:19.203Z,,13
110,1,6,2022-09-18T09:55:19.203Z,2022-09-18T09:55:19.203Z,10
546,1,4,2022-09-18T09:55:19.203Z,,10
309,1,1,2022-09-18T09:55:19.203Z,,14
650,1,1,2022-09-18T09:55:19.203Z,,5
914,1,6,2022-09-18T09:55:19.203Z,2022-09-18T09:55:19.203Z,13
681,1,6,2022-09-18T09:55:19.203Z,2022-09-18T09:55:19.203Z,15
825,1,5,2022-09-18T09:55:19.203Z,,13
153,1,1,2022-09-18T09:55:19.203Z,,10
834,1,5,2022-09-18T09:55:19.203Z,,5
753,1,3,2022-09-18T09:55:19.203Z,,20
342,1,2,2022-09-18T09:55:19.203Z,,20
787,1,6,2022-09-18T09:55:19.203Z,2022-09-18T09:55:19.203Z,12
403,1,2,2022-09-18T09:55:19.203Z,,16
188,1,3,2022-09-18T09:55:19.203Z,,14
734,1,2,2022-09-18T09:55:19.203Z,,11
448,1,3,2022-09-18T09:55:19.203Z,,13
107,1,2,2022-09-18T09:55:19.203Z,,12
363,1,6,2022-09-18T09:55:19.203Z,2022-09-18T09:55:19.203Z,16
990,1,6,2022-09-18T09:55:19.203Z,2022-09-18T09:55:19.203Z,8
585,1,5,2022-09-18T09:55:19.203Z,,14
366,1,4,2022-09-18T09:55:19.203Z,,16
891,1,4,2022-09-18T09:55:19.203Z,,6
651,1,4,2022-09-18T09:55:19.203Z,,13
207,1,3,2022-09-18T09:55:19.203Z,,8
258,1,5,2022-09-18T09:55:19.203Z,,4
722,1,5,2022-09-18T09:55:19.203Z,,14
952,1,6,2022-09-18T09:55:19.203Z,2022-09-18T09:55:19.203Z,18
810,1,5,2022-09-18T09:55:19.203Z,,11
9,1,1,2022-09-18T09:55:19.203Z,,7
71,1,2,2022-09-18T09:55:19.203Z,,17
407,1,6,2022-09-18T09:55:19.203Z,2022-09-18T09:55:19.203Z,16
510,1,1,2022-09-18T09:55:19.203Z,,18
984,1,4,2022-09-18T09:55:19.203Z,,18
776,1,5,2022-09-18T09:55:19.203Z,,9
675,1,1,2022-09-18T09:55:19.203Z,,20
980,1,1,2022-09-18T09:55:19.203Z,,13
352,1,4,2022-09-18T09:55:19.203Z,,4
106,1,4,2022-09-18T09:55:19.203Z,,10
535,1,5,2022-09-18T09:55:19.203Z,,14
87,1,4,2022-09-18T09:55:19.203Z,,14
269,1,1,2022-09-18T09:55:19.203Z,,10
432,1,1,2022-09-18T09:55:19.203Z,,4
443,1,4,2022-09-18T09:55:19.203Z,,11
876,1,2,2022-09-18T09:55:19.203Z,,20
371,1,1,2022-09-18T09:55:19.203Z,,10
605,1,3,2022-09-18T09:55:19.203Z,,18
173,1,3,2022-09-18T09:55:19.203Z,,19
436,1,3,2022-09-18T09:55:19.203Z,,17
688,1,2,2022-09-18T09:55:19.203Z,,13
660,1,3,2022-09-18T09:55:19.203Z,,8
750,1,5,2022-09-18T09:55:19.203Z,,16
684,1,6,2022-09-18T09:55:19.203Z,2022-09-18T09:55:19.203Z,2
75,1,2,2022-09-18T09:55:19.203Z,,13
210,1,1,2022-09-18T09:55:19.203Z,,15
650,1,2,2022-09-18T09:55:19.203Z,,10
685,1,4,2022-09-18T09:55:19.203Z,,18
339,1,1,2022-09-18T09:55:19.203Z,,15
839,1,2,2022-09-18T09:55:19.203Z,,5
997,1,6,2022-09-18T09:55:19.203Z,2022-09-18T09:55:19.203Z,17
848,1,3,2022-09-18T09:55:19.203Z,,10
314,1,4,2022-09-18T09:55:19.203Z,,3
212,1,5,2022-09-18T09:55:19.203Z,,10
210,1,1,2022-09-18T09:55:19.203Z,,1
522,1,5,2022-09-18T09:55:19.203Z,,2
694,1,5,2022-09-18T09:55:19.203Z,,14
927,1,3,2022-09-18T09:55:19.203Z,,5
434,1,3,2022-09-18T09:55:19.203Z,,9
542,1,4,2022-09-18T09:55:19.203Z,,2
418,1,2,2022-09-18T09:55:19.203Z,,13
634,1,6,2022-09-18T09:55:19.203Z,2022-09-18T09:55:19.203Z,20
608,1,2,2022-09-18T09:55:19.204Z,,5
30,1,3,2022-09-18T09:55:19.204Z,,20
224,1,4,2022-09-18T09:55:19.204Z,,5
335,1,6,2022-09-18T09:55:19.204Z,2022-09-18T09:55:19.204Z,10
370,1,4,2022-09-18T09:55:19.204Z,,16
625,1,2,2022-09-18T09:55:19.204Z,,1
532,1,6,2022-09-18T09:55:19.204Z,2022-09-18T09:55:19.204Z,16
900,1,1,2022-09-18T09:55:19.204Z,,3
484,1,3,2022-09-18T09:55:19.204Z,,3
629,1,5,2022-09-18T09:55:19.204Z,,9
963,1,2,2022-09-18T09:55:19.204Z,,14
817,1,1,2022-09-18T09:55:19.204Z,,4
849,1,1,2022-09-18T09:55:19.204Z,,14
135,1,6,2022-09-18T09:55:19.204Z,2022-09-18T09:55:19.204Z,13
435,1,5,2022-09-18T09:55:19.204Z,,3
867,1,6,2022-09-18T09:55:19.204Z,2022-09-18T09:55:19.204Z,8
45,1,5,2022-09-18T09:55:19.204Z,,20
210,1,3,2022-09-18T09:55:19.204Z,,8
794,1,2,2022-09-18T09:55:19.204Z,,18
38,1,2,2022-09-18T09:55:19.204Z,,8
835,1,1,2022-09-18T09:55:19.204Z,,12
688,1,3,2022-09-18T09:55:19.204Z,,20
757,1,1,2022-09-18T09:55:19.204Z,,16
839,1,1,2022-09-18T09:55:19.204Z,,15
336,1,5,2022-09-18T09:55:19.204Z,,13
171,1,4,2022-09-18T09:55:19.204Z,,19
861,1,1,2022-09-18T09:55:19.204Z,,17
296,1,4,2022-09-18T09:55:19.204Z,,5
846,1,4,2022-09-18T09:55:19.204Z,,11
157,1,1,2022-09-18T09:55:19.204Z,,2
560,1,5,2022-09-18T09:55:19.204Z,,11
282,1,1,2022-09-18T09:55:19.204Z,,18
679,1,1,2022-09-18T09:55:19.204Z,,9
213,1,1,2022-09-18T09:55:19.204Z,,4
937,1,3,2022-09-18T09:55:19.204Z,,5
277,1,6,2022-09-18T09:55:19.204Z,2022-09-18T09:55:19.204Z,17
915,1,5,2022-09-18T09:55:19.204Z,,15
746,1,6,2022-09-18T09:55:19.204Z,2022-09-18T09:55:19.204Z,10
838,1,5,2022-09-18T09:55:19.204Z,,12
661,1,5,2022-09-18T09:55:19.204Z,,10
592,1,4,2022-09-18T09:55:19.204Z,,16
979,1,1,2022-09-18T09:55:19.204Z,,12
673,1,3,2022-09-18T09:55:19.204Z,,11
612,1,6,2022-09-18T09:55:19.204Z,2022-09-18T09:55:19.204Z,19
794,1,5,2022-09-18T09:55:19.204Z,,6
355,1,5,2022-09-18T09:55:19.204Z,,6
889,1,3,2022-09-18T09:55:19.204Z,,14
923,1,1,2022-09-18T09:55:19.204Z,,2
556,1,2,2022-09-18T09:55:19.204Z,,9
446,1,6,2022-09-18T09:55:19.204Z,2022-09-18T09:55:19.204Z,3
978,1,5,2022-09-18T09:55:19.204Z,,6
650,1,2,2022-09-18T09:55:19.204Z,,19
129,1,5,2022-09-18T09:55:19.204Z,,5
53,1,4,2022-09-18T09:55:19.204Z,,16
466,1,2,2022-09-18T09:55:19.204Z,,6
745,1,4,2022-09-18T09:55:19.204Z,,11
249,1,1,2022-09-18T09:55:19.204Z,,9
763,1,6,2022-09-18T09:55:19.204Z,2022-09-18T09:55:19.204Z,4
422,1,1,2022-09-18T09:55:19.204Z,,7
36,1,1,2022-09-18T09:55:19.204Z,,2
341,1,2,2022-09-18T09:55:19.204Z,,19
596,1,2,2022-09-18T09:55:19.204Z,,10
208,1,1,2022-09-18T09:55:19.204Z,,12
644,1,4,2022-09-18T09:55:19.204Z,,19
645,1,3,2022-09-18T09:55:19.204Z,,1
429,1,6,2022-09-18T09:55:19.204Z,2022-09-18T09:55:19.204Z,8
654,1,3,2022-09-18T09:55:19.204Z,,10
17,1,4,2022-09-18T09:55:19.204Z,,10
5,1,4,2022-09-18T09:55:19.204Z,,2
793,1,4,2022-09-18T09:55:19.204Z,,9
308,1,6,2022-09-18T09:55:19.204Z,2022-09-18T09:55:19.204Z,9
925,1,1,2022-09-18T09:55:19.204Z,,3
702,1,6,2022-09-18T09:55:19.204Z,2022-09-18T09:55:19.204Z,16
474,1,4,2022-09-18T09:55:19.204Z,,16
431,1,1,2022-09-18T09:55:19.204Z,,15
272,1,6,2022-09-18T09:55:19.204Z,2022-09-18T09:55:19.204Z,20
122,1,4,2022-09-18T09:55:19.204Z,,4
342,1,2,2022-09-18T09:55:19.204Z,,7
896,1,5,2022-09-18T09:55:19.204Z,,5
335,1,5,2022-09-18T09:55:19.204Z,,19
79,1,2,2022-09-18T09:55:19.204Z,,10
397,1,5,2022-09-18T09:55:19.204Z,,16
535,1,2,2022-09-18T09:55:19.204Z,,2
202,1,4,2022-09-18T09:55:19.204Z,,12
317,1,3,2022-09-18T09:55:19.204Z,,1
220,1,3,2022-09-18T09:55:19.204Z,,4
689,1,6,2022-09-18T09:55:19.204Z,2022-09-18T09:55:19.204Z,9
1,1,3,2022-09-18T09:55:19.204Z,,4
94,1,5,2022-09-18T09:55:19.204Z,,4
239,1,5,2022-09-18T09:55:19.204Z,,7
754,1,5,2022-09-18T09:55:19.204Z,,19
11,1,6,2022-09-18T09:55:19.204Z,2022-09-18T09:55:19.204Z,7
978,1,3,2022-09-18T09:55:19.204Z,,20
772,1,4,2022-09-18T09:55:19.204Z,,15
704,1,5,2022-09-18T09:55:19.204Z,,18
16,1,2,2022-09-18T09:55:19.204Z,,11
712,1,4,2022-09-18T09:55:19.204Z,,5
972,1,1,2022-09-18T09:55:19.204Z,,6
59,1,5,2022-09-18T09:55:19.204Z,,10
919,1,4,2022-09-18T09:55:19.204Z,,11
165,1,1,2022-09-18T09:55:19.204Z,,12
764,1,2,2022-09-18T09:55:19.204Z,,7
147,1,2,2022-09-18T09:55:19.204Z,,11
57,1,4,2022-09-18T09:55:19.204Z,,15
529,1,5,2022-09-18T09:55:19.204Z,,20
122,1,2,2022-09-18T09:55:19.204Z,,11
607,1,1,2022-09-18T09:55:19.204Z,,5
890,1,2,2022-09-18T09:55:19.204Z,,13
747,1,2,2022-09-18T09:55:19.204Z,,4
494,1,4,2022-09-18T09:55:19.204Z,,20
340,1,1,2022-09-18T09:55:19.204Z,,1
147,1,5,2022-09-18T09:55:19.204Z,,20
867,1,2,2022-09-18T09:55:19.204Z,,10
126,1,2,2022-09-18T09:55:19.204Z,,8
317,1,1,2022-09-18T09:55:19.204Z,,8
848,1,3,2022-09-18T09:55:19.204Z,,17
95,1,3,2022-09-18T09:55:19.204Z,,13
348,1,3,2022-09-18T09:55:19.204Z,,1
964,1,6,2022-09-18T09:55:19.204Z,2022-09-18T09:55:19.204Z,15
921,1,1,2022-09-18T09:55:19.204Z,,15
313,1,4,2022-09-18T09:55:19.204Z,,4
827,1,6,2022-09-18T09:55:19.204Z,2022-09-18T09:55:19.204Z,12
676,1,1,2022-09-18T09:55:19.204Z,,19
272,1,5,2022-09-18T09:55:19.204Z,,15
594,1,1,2022-09-18T09:55:19.204Z,,10
914,1,3,2022-09-18T09:55:19.204Z,,19
954,1,1,2022-09-18T09:55:19.204Z,,11
538,1,2,2022-09-18T09:55:19.204Z,,2
404,1,6,2022-09-18T09:55:19.204Z,2022-09-18T09:55:19.204Z,3
4,1,4,2022-09-18T09:55:19.204Z,,3
546,1,2,2022-09-18T09:55:19.204Z,,3
114,1,6,2022-09-18T09:55:19.204Z,2022-09-18T09:55:19.204Z,11
383,1,6,2022-09-18T09:55:19.204Z,2022-09-18T09:55:19.204Z,11
686,1,4,2022-09-18T09:55:19.204Z,,13
38,1,6,2022-09-18T09:55:19.204Z,2022-09-18T09:55:19.204Z,19
928,1,4,2022-09-18T09:55:19.204Z,,5
889,1,2,2022-09-18T09:55:19.204Z,,17
996,1,3,2022-09-18T09:55:19.204Z,,19
552,1,3,2022-09-18T09:55:19.204Z,,9
598,1,5,2022-09-18T09:55:19.204Z,,9
109,1,1,2022-09-18T09:55:19.204Z,,6
673,1,6,2022-09-18T09:55:19.204Z,2022-09-18T09:55:19.204Z,18
121,1,4,2022-09-18T09:55:19.204Z,,12
969,1,1,2022-09-18T09:55:19.204Z,,19
466,1,5,2022-09-18T09:55:19.204Z,,12
436,1,3,2022-09-18T09:55:19.204Z,,1
519,1,5,2022-09-18T09:55:19.204Z,,16
394,1,1,2022-09-18T09:55:19.204Z,,4
825,1,1,2022-09-18T09:55:19.204Z,,20
504,1,1,2022-09-18T09:55:19.204Z,,18
861,1,6,2022-09-18T09:55:19.204Z,2022-09-18T09:55:19.204Z,11
797,1,3,2022-09-18T09:55:19.204Z,,2
423,1,3,2022-09-18T09:55:19.204Z,,3
373,1,5,2022-09-18T09:55:19.204Z,,12
821,1,4,2022-09-18T09:55:19.204Z,,3
917,1,3,2022-09-18T09:55:19.204Z,,10
11,1,2,2022-09-18T09:55:19.204Z,,2
260,1,1,2022-09-18T09:55:19.204Z,,8
120,1,5,2022-09-18T09:55:19.204Z,,17
380,1,2,2022-09-18T09:55:19.204Z,,13
683,1,2,2022-09-18T09:55:19.204Z,,1
197,1,2,2022-09-18T09:55:19.204Z,,16
919,1,3,2022-09-18T09:55:19.204Z,,1
489,1,3,2022-09-18T09:55:19.204Z,,11
780,1,2,2022-09-18T09:55:19.204Z,,13
485,1,1,2022-09-18T09:55:19.204Z,,15
653,1,2,2022-09-18T09:55:19.204Z,,11
981,1,1,2022-09-18T09:55:19.204Z,,13
932,1,3,2022-09-18T09:55:19.204Z,,11
932,1,1,2022-09-18T09:55:19.204Z,,14
842,1,5,2022-09-18T09:55:19.204Z,,18
904,1,3,2022-09-18T09:55:19.204Z,,17
816,1,3,2022-09-18T09:55:19.204Z,,4
842,1,6,2022-09-18T09:55:19.204Z,2022-09-18T09:55:19.204Z,11
594,1,4,2022-09-18T09:55:19.204Z,,5
803,1,5,2022-09-18T09:55:19.204Z,,20
932,1,3,2022-09-18T09:55:19.204Z,,18
85,1,6,2022-09-18T09:55:19.204Z,2022-09-18T09:55:19.204Z,9
846,1,1,2022-09-18T09:55:19.204Z,,17
410,1,6,2022-09-18T09:55:19.204Z,2022-09-18T09:55:19.204Z,10
7,1,3,2022-09-18T09:55:19.204Z,,9
682,1,2,2022-09-18T09:55:19.204Z,,15
838,1,4,2022-09-18T09:55:19.204Z,,7
327,1,2,2022-09-18T09:55:19.204Z,,4
188,1,6,2022-09-18T09:55:19.204Z,2022-09-18T09:55:19.204Z,10
646,1,2,2022-09-18T09:55:19.204Z,,10
383,1,3,2022-09-18T09:55:19.204Z,,7
168,1,1,2022-09-18T09:55:19.204Z,,2
788,1,2,2022-09-18T09:55:19.204Z,,2
708,1,4,2022-09-18T09:55:19.204Z,,19
822,1,3,2022-09-18T09:55:19.204Z,,3
321,1,2,2022-09-18T09:55:19.204Z,,16
926,1,1,2022-09-18T09:55:19.204Z,,9
188,1,5,2022-09-18T09:55:19.204Z,,4
83,1,1,2022-09-18T09:55:19.204Z,,9
121,1,1,2022-09-18T09:55:19.204Z,,3
184,1,2,2022-09-18T09:55:19.204Z,,7
841,1,1,2022-09-18T09:55:19.204Z,,14
561,1,3,2022-09-18T09:55:19.204Z,,3
252,1,6,2022-09-18T09:55:19.204Z,2022-09-18T09:55:19.204Z,7
293,1,6,2022-09-18T09:55:19.204Z,2022-09-18T09:55:19.204Z,14
516,1,2,2022-09-18T09:55:19.204Z,,8
742,1,2,2022-09-18T09:55:19.204Z,,4
581,1,5,2022-09-18T09:55:19.204Z,,10
140,1,3,2022-09-18T09:55:19.204Z,,8
905,1,3,2022-09-18T09:55:19.204Z,,9
249,1,4,2022-09-18T09:55:19.204Z,,16
221,1,4,2022-09-18T09:55:19.204Z,,18
162,1,2,2022-09-18T09:55:19.204Z,,9
985,1,3,2022-09-18T09:55:19.204Z,,13
899,1,3,2022-09-18T09:55:19.204Z,,12
884,1,6,2022-09-18T09:55:19.204Z,2022-09-18T09:55:19.204Z,19
218,1,2,2022-09-18T09:55:19.204Z,,20
194,1,6,2022-09-18T09:55:19.204Z,2022-09-18T09:55:19.204Z,7
1000,1,5,2022-09-18T09:55:19.204Z,,13
197,1,2,2022-09-18T09:55:19.204Z,,20
520,1,1,2022-09-18T09:55:19.204Z,,2
422,1,6,2022-09-18T09:55:19.204Z,2022-09-18T09:55:19.204Z,4
195,1,4,2022-09-18T09:55:19.204Z,,1
975,1,3,2022-09-18T09:55:19.204Z,,9
202,1,2,2022-09-18T09:55:19.204Z,,16
453,1,6,2022-09-18T09:55:19.204Z,2022-09-18T09:55:19.204Z,13
970,1,5,2022-09-18T09:55:19.204Z,,16
860,1,3,2022-09-18T09:55:19.204Z,,10
191,1,5,2022-09-18T09:55:19.204Z,,15
948,1,2,2022-09-18T09:55:19.204Z,,10
316,1,5,2022-09-18T09:55:19.204Z,,5
620,1,6,2022-09-18T09:55:19.204Z,2022-09-18T09:55:19.204Z,20
327,1,4,2022-09-18T09:55:19.204Z,,9
502,1,3,2022-09-18T09:55:19.204Z,,18
89,1,3,2022-09-18T09:55:19.204Z,,13
498,1,4,2022-09-18T09:55:19.204Z,,8
305,1,1,2022-09-18T09:55:19.204Z,,11
746,1,2,2022-09-18T09:55:19.204Z,,16
778,1,2,2022-09-18T09:55:19.204Z,,1
115,1,1,2022-09-18T09:55:19.204Z,,8
666,1,5,2022-09-18T09:55:19.204Z,,8
104,1,2,2022-09-18T09:55:19.204Z,,19
653,1,6,2022-09-18T09:55:19.204Z,2022-09-18T09:55:19.204Z,12
350,1,2,2022-09-18T09:55:19.204Z,,5
421,1,1,2022-09-18T09:55:19.204Z,,4
290,1,3,2022-09-18T09:55:19.204Z,,17
618,1,5,2022-09-18T09:55:19.204Z,,6
93,1,1,2022-09-18T09:55:19.204Z,,10
66,1,2,2022-09-18T09:55:19.204Z,,15
387,1,5,2022-09-18T09:55:19.204Z,,20
682,1,5,2022-09-18T09:55:19.204Z,,4
308,1,6,2022-09-18T09:55:19.204Z,2022-09-18T09:55:19.204Z,5
985,1,5,2022-09-18T09:55:19.204Z,,10
652,1,3,2022-09-18T09:55:19.204Z,,18
393,1,5,2022-09-18T09:55:19.204Z,,12
421,1,2,2022-09-18T09:55:19.204Z,,5
114,1,1,2022-09-18T09:55:19.204Z,,8
617,1,5,2022-09-18T09:55:19.204Z,,10
829,1,5,2022-09-18T09:55:19.204Z,,11
805,1,1,2022-09-18T09:55:19.204Z,,2
119,1,1,2022-09-18T09:55:19.204Z,,10
348,1,1,2022-09-18T09:55:19.204Z,,20
446,1,4,2022-09-18T09:55:19.204Z,,6
561,1,6,2022-09-18T09:55:19.204Z,2022-09-18T09:55:19.204Z,15
466,1,5,2022-09-18T09:55:19.204Z,,17
153,1,6,2022-09-18T09:55:19.204Z,2022-09-18T09:55:19.204Z,18
712,1,3,2022-09-18T09:55:19.204Z,,12
580,1,5,2022-09-18T09:55:19.204Z,,20
145,1,3,2022-09-18T09:55:19.204Z,,3
348,1,6,2022-09-18T09:55:19.204Z,2022-09-18T09:55:19.204Z,15
617,1,3,2022-09-18T09:55:19.204Z,,2
603,1,3,2022-09-18T09:55:19.204Z,,14
165,1,5,2022-09-18T09:55:19.204Z,,1
958,1,4,2022-09-18T09:55:19.204Z,,2
487,1,6,2022-09-18T09:55:19.204Z,2022-09-18T09:55:19.204Z,14
478,1,4,2022-09-18T09:55:19.204Z,,11
684,1,5,2022-09-18T09:55:19.204Z,,14
839,1,1,2022-09-18T09:55:19.204Z,,15
60,1,5,2022-09-18T09:55:19.204Z,,7
793,1,3,2022-09-18T09:55:19.204Z,,7
496,1,6,2022-09-18T09:55:19.204Z,2022-09-18T09:55:19.204Z,12
580,1,4,2022-09-18T09:55:19.204Z,,5
186,1,4,2022-09-18T09:55:19.204Z,,17
473,1,4,2022-09-18T09:55:19.204Z,,4
999,1,5,2022-09-18T09:55:19.204Z,,13
833,1,2,2022-09-18T09:55:19.204Z,,11
962,1,5,2022-09-18T09:55:19.204Z,,19
443,1,5,2022-09-18T09:55:19.204Z,,5
82,1,1,2022-09-18T09:55:19.204Z,,15
911,1,2,2022-09-18T09:55:19.204Z,,20
109,1,6,2022-09-18T09:55:19.204Z,2022-09-18T09:55:19.204Z,14
932,1,1,2022-09-18T09:55:19.204Z,,10
532,1,5,2022-09-18T09:55:19.204Z,,5
558,1,4,2022-09-18T09:55:19.204Z,,19
646,1,6,2022-09-18T09:55:19.204Z,2022-09-18T09:55:19.204Z,9
883,1,2,2022-09-18T09:55:19.204Z,,14
396,1,4,2022-09-18T09:55:19.204Z,,8
205,1,4,2022-09-18T09:55:19.204Z,,16
258,1,2,2022-09-18T09:55:19.204Z,,18
547,1,4,2022-09-18T09:55:19.204Z,,11
556,1,1,2022-09-18T09:55:19.204Z,,10
556,1,3,2022-09-18T09:55:19.204Z,,5
432,1,3,2022-09-18T09:55:19.204Z,,13
421,1,5,2022-09-18T09:55:19.204Z,,13
450,1,4,2022-09-18T09:55:19.204Z,,10
362,1,6,2022-09-18T09:55:19.204Z,2022-09-18T09:55:19.204Z,5
228,1,2,2022-09-18T09:55:19.204Z,,3
641,1,2,2022-09-18T09:55:19.204Z,,13
63,1,2,2022-09-18T09:55:19.204Z,,11
887,1,5,2022-09-18T09:55:19.204Z,,3
64,1,2,2022-09-18T09:55:19.204Z,,1
39,1,5,2022-09-18T09:55:19.204Z,,20
396,1,3,2022-09-18T09:55:19.204Z,,11
532,1,5,2022-09-18T09:55:19.204Z,,6
893,1,4,2022-09-18T09:55:19.204Z,,18
763,1,4,2022-09-18T09:55:19.204Z,,16
279,1,1,2022-09-18T09:55:19.204Z,,15
123,1,2,2022-09-18T09:55:19.204Z,,10
1000,1,2,2022-09-18T09:55:19.204Z,,12
68,1,3,2022-09-18T09:55:19.204Z,,18
723,1,1,2022-09-18T09:55:19.204Z,,5
411,1,1,2022-09-18T09:55:19.204Z,,17
528,1,6,2022-09-18T09:55:19.204Z,2022-09-18T09:55:19.204Z,1
78,1,5,2022-09-18T09:55:19.204Z,,16
631,1,2,2022-09-18T09:55:19.204Z,,15
60,1,6,2022-09-18T09:55:19.204Z,2022-09-18T09:55:19.204Z,15
481,1,2,2022-09-18T09:55:19.204Z,,5
981,1,6,2022-09-18T09:55:19.204Z,2022-09-18T09:55:19.204Z,5
52,1,1,2022-09-18T09:55:19.204Z,,4
425,1,3,2022-09-18T09:55:19.204Z,,18
957,1,6,2022-09-18T09:55:19.204Z,2022-09-18T09:55:19.204Z,13
558,1,6,2022-09-18T09:55:19.204Z,2022-09-18T09:55:19.204Z,20
170,1,4,2022-09-18T09:55:19.204Z,,9
649,1,2,2022-09-18T09:55:19.204Z,,20
404,1,6,2022-09-18T09:55:19.204Z,2022-09-18T09:55:19.204Z,4
592,1,1,2022-09-18T09:55:19.204Z,,9
247,1,5,2022-09-18T09:55:19.204Z,,11
119,1,1,2022-09-18T09:55:19.204Z,,15
406,1,5,2022-09-18T09:55:19.204Z,,17
780,1,5,2022-09-18T09:55:19.204Z,,5
482,1,4,2022-09-18T09:55:19.204Z,,16
462,1,6,2022-09-18T09:55:19.204Z,2022-09-18T09:55:19.204Z,6
288,1,5,2022-09-18T09:55:19.204Z,,5
3,1,6,2022-09-18T09:55:19.204Z,2022-09-18T09:55:19.204Z,17
578,1,1,2022-09-18T09:55:19.204Z,,5
550,1,1,2022-09-18T09:55:19.204Z,,7
780,1,3,2022-09-18T09:55:19.204Z,,3
96,1,3,2022-09-18T09:55:19.204Z,,8
547,1,3,2022-09-18T09:55:19.204Z,,11
854,1,4,2022-09-18T09:55:19.204Z,,9
52,1,4,2022-09-18T09:55:19.204Z,,17
485,1,3,2022-09-18T09:55:19.204Z,,4
850,1,1,2022-09-18T09:55:19.204Z,,13
793,1,4,2022-09-18T09:55:19.204Z,,11
581,1,3,2022-09-18T09:55:19.204Z,,17
926,1,6,2022-09-18T09:55:19.204Z,2022-09-18T09:55:19.204Z,4
137,1,3,2022-09-18T09:55:19.204Z,,2
90,1,2,2022-09-18T09:55:19.204Z,,16
396,1,1,2022-09-18T09:55:19.204Z,,11
591,1,5,2022-09-18T09:55:19.204Z,,18
107,1,5,2022-09-18T09:55:19.204Z,,3
97,1,3,2022-09-18T09:55:19.204Z,,13
977,1,2,2022-09-18T09:55:19.204Z,,14
544,1,3,2022-09-18T09:55:19.204Z,,11
129,1,2,2022-09-18T09:55:19.204Z,,19
9,1,2,2022-09-18T09:55:19.204Z,,7
506,1,2,2022-09-18T09:55:19.204Z,,15
412,1,2,2022-09-18T09:55:19.204Z,,17
967,1,3,2022-09-18T09:55:19.204Z,,17
651,1,1,2022-09-18T09:55:19.204Z,,7
836,1,6,2022-09-18T09:55:19.204Z,2022-09-18T09:55:19.204Z,5
793,1,1,2022-09-18T09:55:19.204Z,,20
535,1,5,2022-09-18T09:55:19.204Z,,7
193,1,4,2022-09-18T09:55:19.204Z,,19
826,1,6,2022-09-18T09:55:19.204Z,2022-09-18T09:55:19.204Z,5
532,1,6,2022-09-18T09:55:19.204Z,2022-09-18T09:55:19.204Z,11
388,1,3,2022-09-18T09:55:19.204Z,,16
478,1,2,2022-09-18T09:55:19.204Z,,1
820,1,4,2022-09-18T09:55:19.204Z,,12
934,1,1,2022-09-18T09:55:19.204Z,,3
254,1,1,2022-09-18T09:55:19.204Z,,4
847,1,5,2022-09-18T09:55:19.204Z,,20
639,1,5,2022-09-18T09:55:19.204Z,,5
571,1,6,2022-09-18T09:55:19.204Z,2022-09-18T09:55:19.204Z,10
177,1,4,2022-09-18T09:55:19.204Z,,17
557,1,4,2022-09-18T09:55:19.204Z,,15
519,1,1,2022-09-18T09:55:19.204Z,,15
223,1,6,2022-09-18T09:55:19.204Z,2022-09-18T09:55:19.204Z,10
206,1,1,2022-09-18T09:55:19.204Z,,12
310,1,3,2022-09-18T09:55:19.204Z,,2
193,1,1,2022-09-18T09:55:19.204Z,,2
863,1,1,2022-09-18T09:55:19.204Z,,9
321,1,5,2022-09-18T09:55:19.204Z,,15
359,1,5,2022-09-18T09:55:19.204Z,,14
462,1,5,2022-09-18T09:55:19.204Z,,20
808,1,2,2022-09-18T09:55:19.204Z,,1
576,1,2,2022-09-18T09:55:19.204Z,,11
316,1,5,2022-09-18T09:55:19.204Z,,9
249,1,4,2022-09-18T09:55:19.204Z,,19
949,1,1,2022-09-18T09:55:19.204Z,,2
645,1,2,2022-09-18T09:55:19.204Z,,9
769,1,1,2022-09-18T09:55:19.204Z,,17
836,1,6,2022-09-18T09:55:19.204Z,2022-09-18T09:55:19.204Z,19
163,1,3,2022-09-18T09:55:19.204Z,,3
173,1,5,2022-09-18T09:55:19.204Z,,19
234,1,5,2022-09-18T09:55:19.204Z,,12
603,1,6,2022-09-18T09:55:19.204Z,2022-09-18T09:55:19.204Z,7
